,.trajectory,.hardness,launch_angle,launch_speed,.coordinates.coordX,.location,total_distance,trajectory,.launchSpeed,.totalDistance,.coordinates.coordY,.launchAngle,
3232981b-c812-42d0-88c0-94da7f17d776,fly_ball,medium,45.0,98.9,123.5,8,310.0,fly_ball,98.9,310.0,74.86,45.0,
62d54946-a70d-42d9-b7e4-526e779459b8,ground_ball,hard,-14.0,105.0,121.92,8,12.0,ground_ball,105.0,12.0,87.33,-14.0,
21609542-2a6d-40a2-9ab5-b1daab8e1cea,ground_ball,medium,-38.0,89.5,152.32,4,4.0,ground_ball,89.5,4.0,159.79,-38.0,
cf87ab52-f2f5-412c-b801-02324768d4ad,line_drive,medium,24.0,91.1,70.31,7,310.0,line_drive,91.1,310.0,87.49,24.0,
6ed4bb07-39eb-4e33-808a-525f5f0cde2e,bunt_grounder,medium,-19.0,34.4,117.39,5,11.0,bunt_grounder,34.4,11.0,187.51,-19.0,
8c1cb51e-43ed-404a-8582-3f8d7b3c4455,line_drive,hard,17.0,113.8,230.15,9,349.0,line_drive,113.8,349.0,62.76,17.0,
b5ae3fa5-c2bf-45d9-96e3-7c809d6c86f9,popup,medium,59.0,66.8,137.47,6,145.0,popup,66.8,145.0,144.85,59.0,
70975a98-ad55-4b7a-b5be-2f56f8f9937f,line_drive,medium,15.0,95.6,123.04,8,249.0,line_drive,95.6,249.0,81.44,15.0,
64c81f92-0b0c-4a8b-8078-bd81ada25320,ground_ball,medium,-8.0,94.3,121.41,8,16.0,ground_ball,94.3,16.0,96.96,-8.0,
a3bf416e-b929-432b-bcdb-e5e4eef9093d,fly_ball,medium,38.0,72.6,187.29,9,254.0,fly_ball,72.6,254.0,110.64,38.0,
370588d8-f08b-45b9-a4f9-a19054126068,fly_ball,medium,29.0,103.0,15.39,7,414.0,fly_ball,103.0,414.0,71.31,29.0,
5813797f-f6c0-4728-807c-04679453da8b,ground_ball,hard,-7.0,100.7,136.25,8,14.0,ground_ball,100.7,14.0,126.09,-7.0,
ced0b604-db3d-4e88-8c0a-1d84e210af16,fly_ball,medium,45.0,87.2,136.11,8,293.0,fly_ball,87.2,293.0,83.27,45.0,
d60ae150-9020-435e-98e6-dffb7a513249,ground_ball,medium,3.0,90.2,144.37,4,76.0,ground_ball,90.2,76.0,143.21,3.0,
214e22d4-b40e-4718-b5d2-93ad1ab1333a,fly_ball,medium,35.0,90.3,88.68,8,332.0,fly_ball,90.3,332.0,70.92,35.0,
c62b1429-6fc1-4ad1-9ae0-4ad38bf01f78,ground_ball,medium,-9.0,58.5,111.28,5,6.0,ground_ball,58.5,6.0,172.46,-9.0,
a94f9c82-355c-4d50-993f-63bf98443a9d,fly_ball,medium,42.0,89.1,128.53,8,305.0,fly_ball,89.1,305.0,77.07,42.0,
06e177e4-545c-4ec0-9d89-90619414276b,ground_ball,medium,-24.0,79.6,91.0,5,9.0,ground_ball,79.6,9.0,164.0,-24.0,
84a5ebdf-686c-4a22-bb5e-4f726fcb5bc9,line_drive,medium,9.0,98.5,99.57,8,171.0,line_drive,98.5,171.0,94.55,9.0,
9c1c4751-e7ed-4f06-b15f-143f39a639f3,fly_ball,medium,40.0,104.6,42.84,7,380.0,fly_ball,104.6,380.0,69.11,40.0,
3a41246a-20c9-45c6-8a2b-e15c6609b58d,fly_ball,medium,56.0,87.0,105.79,7,223.0,fly_ball,87.0,223.0,113.76,56.0,
46d0fd85-3203-400b-a6ef-5aa614d396f8,line_drive,medium,24.0,99.1,204.01,9,371.0,line_drive,99.1,371.0,78.21,24.0,
760f0390-e1e9-4354-9417-268433853c91,fly_ball,medium,50.0,87.0,181.71,9,265.0,fly_ball,87.0,265.0,107.09,50.0,
6a96f584-0bf7-48dc-926a-8db343eefad9,ground_ball,hard,-1.0,103.1,104.69,8,43.0,ground_ball,103.1,43.0,80.23,-1.0,
4ed110e4-dab3-4ce9-9cd1-f7a486bb40f5,ground_ball,hard,-4.0,102.6,60.1,7,24.0,ground_ball,102.6,24.0,114.18,-4.0,
7002b666-c98f-43af-b72c-99ff5526604a,bunt_grounder,medium,,,124.45,1,,bunt_grounder,,,192.22,,
bc21aa9f-11a0-4e65-b027-911647f92d49,ground_ball,medium,10.0,62.4,125.64,4,105.0,ground_ball,62.4,105.0,139.78,10.0,
7b181019-ae0d-448e-af14-d3604117f0fa,line_drive,medium,19.0,77.0,165.24,9,219.0,line_drive,77.0,219.0,103.75,19.0,
49fc3c6b-c7dd-4704-bcdd-ee3328c36c7c,line_drive,medium,11.0,88.4,148.65,4,152.0,line_drive,88.4,152.0,145.14,11.0,
f68b2147-a19b-4adb-92ec-7868cbd8f9c6,line_drive,medium,19.0,106.5,204.01,9,350.0,line_drive,106.5,350.0,79.73,19.0,
280cf0b4-608a-462a-92eb-5bf4a923a9ff,ground_ball,medium,-3.0,98.4,145.23,4,25.0,ground_ball,98.4,25.0,168.91,-3.0,
c7a90ea8-7fd5-4208-a40f-75a109bb23d6,ground_ball,medium,5.0,62.8,99.11,5,59.0,ground_ball,62.8,59.0,175.4,5.0,
31bd9516-7391-4a35-b139-267afa8078bc,fly_ball,medium,39.0,104.4,42.46,7,391.0,fly_ball,104.4,391.0,64.04,39.0,
6fc92d3d-a6be-474d-8043-2650481d2915,ground_ball,medium,-46.0,70.6,155.36,3,4.0,ground_ball,70.6,4.0,170.94,-46.0,
18cbe5f5-1fa7-45ed-99d9-d200939b9c78,ground_ball,hard,-10.0,109.2,108.74,6,14.0,ground_ball,109.2,14.0,154.22,-10.0,
8fd3341b-fb73-4013-abf8-6a055080a9eb,line_drive,medium,20.0,96.0,80.14,7,282.0,line_drive,96.0,282.0,107.63,20.0,
d8c467e0-041c-432c-8023-e4f221f679fb,fly_ball,medium,37.0,85.9,82.54,7,302.0,fly_ball,85.9,302.0,86.19,37.0,
3ac97206-d13a-4382-8cb6-fb5f9df6bc36,ground_ball,hard,2.0,102.6,109.25,6,55.0,ground_ball,102.6,55.0,153.71,2.0,
4e0f4bce-5d6d-4f74-907a-ed281c90c35f,ground_ball,medium,-29.0,74.0,153.69,3,7.0,ground_ball,74.0,7.0,161.5,-29.0,
1490d550-497d-4441-b05a-ebae59803305,line_drive,medium,16.0,81.5,100.43,8,204.0,line_drive,81.5,204.0,91.51,16.0,
6ac20189-c65d-4799-a162-272848c38b33,ground_ball,medium,-4.0,99.6,185.77,9,21.0,ground_ball,99.6,21.0,115.2,-4.0,
e3dd5500-3ab9-4efe-a38e-9e5007bdc954,ground_ball,medium,-11.0,87.4,149.28,4,10.0,ground_ball,87.4,10.0,156.75,-11.0,
ee5c6e8b-d42e-485d-874a-a59fb8895da4,ground_ball,medium,-13.0,99.6,84.42,5,14.0,ground_ball,99.6,14.0,107.09,-13.0,
34b56e31-8ce9-4332-bc3b-55ba10163bb3,ground_ball,medium,-12.0,88.5,112.29,6,10.0,ground_ball,88.5,10.0,153.71,-12.0,
270e23ec-ae0f-43ad-aad1-10fb51be3cad,ground_ball,medium,-10.0,66.1,140.16,4,13.0,ground_ball,66.1,13.0,159.66,-10.0,
13ad1ef7-b87c-4610-bc0a-8e36a0c2a7d2,ground_ball,medium,-21.0,81.5,155.87,3,8.0,ground_ball,81.5,8.0,165.87,-21.0,
d132f044-d9f9-435c-a3c2-59921638675a,popup,medium,72.0,83.8,123.95,6,104.0,popup,83.8,104.0,165.87,72.0,
6a8d817b-4e36-43aa-8ad3-4398b4d0966c,line_drive,hard,8.0,101.7,175.6,9,194.0,line_drive,101.7,194.0,103.47,8.0,
7d90e29c-1014-452c-85d7-99cebb78ee13,bunt_grounder,medium,11.0,41.1,141.14,4,54.0,bunt_grounder,41.1,54.0,167.72,11.0,
fd3574be-a64c-4045-9522-e2c53f14e4c8,ground_ball,medium,-54.0,80.9,102.66,5,3.0,ground_ball,80.9,3.0,167.39,-54.0,
8c047d66-ff88-463e-b456-fa0d14076842,popup,medium,60.0,82.0,117.87,6,185.0,popup,82.0,185.0,135.47,60.0,
f4d1dd9d-f30b-4b67-8092-ff9daaba1165,ground_ball,medium,-2.0,84.3,139.62,4,35.0,ground_ball,84.3,35.0,151.24,-2.0,
9621aa89-c9f9-420f-88bf-e8fd5ea69ed1,fly_ball,medium,28.0,93.1,123.39,8,368.0,fly_ball,93.1,368.0,50.74,28.0,
22122267-7e78-40e0-b9f3-8ec3537ffd10,ground_ball,medium,-3.0,91.8,136.11,8,28.0,ground_ball,91.8,28.0,88.34,-3.0,
39177997-35e8-43c6-a34d-3a0fc8bc3e13,ground_ball,medium,-13.0,81.8,105.7,6,8.0,ground_ball,81.8,8.0,156.75,-13.0,
c28c04f4-2d0a-462c-8b6d-00a768035fa9,line_drive,medium,21.0,82.8,68.39,7,259.0,line_drive,82.8,259.0,98.37,21.0,
3d547895-24d4-488d-8efc-e2bbc2e6bbc7,line_drive,medium,13.0,89.9,84.89,7,208.0,line_drive,89.9,208.0,106.46,13.0,
167efe8b-7ac9-40b1-83a8-ce683de6597a,fly_ball,medium,37.0,101.1,30.08,7,381.0,fly_ball,101.1,381.0,77.36,37.0,
9e1b4d68-9bbe-4abd-b59c-e524e730b9a9,fly_ball,medium,33.0,90.3,160.37,9,351.0,fly_ball,90.3,351.0,62.05,33.0,
3c48f40c-0e25-4d2d-b6f4-1db9726fa402,ground_ball,soft,-12.0,51.2,122.44,1,9.0,ground_ball,51.2,9.0,171.85,-12.0,
1ab4d3f4-8cfe-4eec-863d-87bb0abaaaee,ground_ball,medium,-9.0,94.4,118.88,6,12.0,ground_ball,94.4,12.0,151.68,-9.0,
e1671cbf-1900-4433-a9ea-5c48d95ba929,line_drive,medium,10.0,97.9,96.58,5,167.0,line_drive,97.9,167.0,168.4,10.0,
96fbf231-966e-473b-8269-3af19891e60e,,,,,,,,,,,,,
f0d0faf8-3ef3-4f66-badb-523a3e7bd2ae,,,,,,,,,,,,,
7c8104dc-10f5-4885-b9b8-6a45bf8459fd,,,,,,,,,,,,,
1d373c77-8b97-4b90-9fbf-2c1c3df9361f,,,,,,,,,,,,,
66c7e849-8a64-4021-90a7-668142b491ce,,,,,,,,,,,,,
8c999865-d004-4250-9124-c0bced2fd60e,,,,,,,,,,,,,
0c40988e-fe6b-4d25-9c50-0259fae99a3b,,,,,,,,,,,,,
174ceecf-3b28-4209-b5f6-422046b83d71,,,,,,,,,,,,,
8aca4270-198e-439f-b7eb-f17011faa35f,,,,,,,,,,,,,
2e164366-06d9-44ff-9517-90be0059f8a0,,,,,,,,,,,,,
7d8b0555-ee71-4dce-946a-e8112b9e7ee8,,,,,,,,,,,,,
199ff6af-93c2-4bc0-b6f7-cc1b97669345,,,,,,,,,,,,,
ffdcd3f6-7cfa-4d8b-bdba-707e34f3db0c,,,,,,,,,,,,,
e4ed615c-66a4-48d3-a1f8-d285324cecba,,,,,,,,,,,,,
307396c0-c924-483f-af7b-b586acdea9e3,,,,,,,,,,,,,
1a8e9d40-d7b1-4046-abb2-e4a14c21dd6a,,,,,,,,,,,,,
3dd5dcbb-12ae-43d1-900f-0e194d8da9b6,,,,,,,,,,,,,
68877139-2e00-4b94-87b4-dcdc01f8272c,,,,,,,,,,,,,
e09bcda8-fcf5-469b-8b4c-9ddd3a36d1fa,,,,,,,,,,,,,
a84cf1bf-4466-4da2-bac0-6b56b10f9be2,,,,,,,,,,,,,
d9c1959c-4bdf-4615-bc42-e8f9aef3c35d,,,,,,,,,,,,,
3b0507df-183d-451a-a80a-c61cb852ff36,,,,,,,,,,,,,
4be43829-c88f-403b-a853-29c721b026d7,,,,,,,,,,,,,
848814b1-c7a1-48bb-8dec-4b6a02efac05,,,,,,,,,,,,,
e8f7b1b0-7599-4bd7-9c8c-7502e9edec07,,,,,,,,,,,,,
aa448c77-fd4a-4164-b92b-d22b286e6a6f,,,,,,,,,,,,,
bde33519-2dfb-4cab-9f2a-e8985dff38c0,,,,,,,,,,,,,
ae713f9a-9dce-475e-be02-26bca3af047d,,,,,,,,,,,,,
3fd0178e-bbe7-42d6-87dc-13b500adc35c,,,,,,,,,,,,,
fd7818a6-88b4-4ac9-a68b-5c5cd47552e9,,,,,,,,,,,,,
dfd4f589-6d0d-4015-8fc9-185485ba3cb1,,,,,,,,,,,,,
740bc791-2351-4229-bf04-7690249438ac,,,,,,,,,,,,,
28b5f5be-51cd-40e5-a806-c28f7f0a9e96,,,,,,,,,,,,,
88acae97-0f6b-472a-86a3-6be59df749ea,,,,,,,,,,,,,
f2e3f171-af80-44d6-87f5-1b274d754aa0,,,,,,,,,,,,,
c81fca92-8740-4785-8b36-4fbe82fd56e9,,,,,,,,,,,,,
9b9d306f-9d70-48b4-a2d0-be34bd746230,,,,,,,,,,,,,
b5aac6e9-0a21-4f80-806d-8396377872f4,,,,,,,,,,,,,
c5fb3794-2658-467e-8666-1bac5865b22e,,,,,,,,,,,,,
658fb671-9765-4525-9e8e-67e7947ee804,,,,,,,,,,,,,
f9c7443b-f80c-4d69-94aa-c7bca6ef1994,,,,,,,,,,,,,
df05a91d-df3c-488e-90b5-e34f637bbc8e,,,,,,,,,,,,,
598c63e5-58f4-41b2-9341-600c509798b0,,,,,,,,,,,,,
9a99d644-23af-4cd4-b4d1-75666195c0e7,,,,,,,,,,,,,
b990fc41-b02a-4f89-8f9d-4ba7a6ce173a,,,,,,,,,,,,,
c6d38ce9-7313-477f-9a8a-5d1938c397c6,,,,,,,,,,,,,
b40cea47-a92a-466d-90fa-9f03ef1a1136,,,,,,,,,,,,,
d11f62dc-3936-438a-9533-5aaf31513171,,,,,,,,,,,,,
1d11361a-a63c-431c-abe1-87b540caed70,,,,,,,,,,,,,
9cdd591a-da5e-49d4-8fa0-761402054c1e,,,,,,,,,,,,,
8994aa38-6f3d-4da9-8c32-0e7b1f73ad81,,,,,,,,,,,,,
c5bf5416-bd8b-4b96-986f-5f1ca1cac446,,,,,,,,,,,,,
44d69e99-21b2-4ba4-91f2-c213636ae521,,,,,,,,,,,,,
207a87aa-db86-4486-8b16-afe0c5b38c90,,,,,,,,,,,,,
af6761c2-51ea-4ca8-872a-45f2be721142,,,,,,,,,,,,,
92209877-4da4-46f7-a225-c700205da7e0,,,,,,,,,,,,,
d048e71d-e00e-4f4a-bf56-7374615f6487,,,,,,,,,,,,,
01c4d4f1-01bc-4613-83d6-86e610928c82,,,,,,,,,,,,,
45f63179-0a22-4b9b-b322-49913d87cdb1,,,,,,,,,,,,,
ce0ae0db-877a-402e-997a-71a0890b90eb,,,,,,,,,,,,,
b9779847-eeab-40a8-af58-6c3c0e976fda,,,,,,,,,,,,,
1cb80140-f532-4669-b5e7-7dc34a25acf7,,,,,,,,,,,,,
b89ac75d-ff00-4d4f-ab73-b6341f53d5ab,,,,,,,,,,,,,
cf99283c-7fdb-4ccb-9fde-a3cc7245a25f,,,,,,,,,,,,,
048298e9-c335-4e92-8c14-d93318e1534f,,,,,,,,,,,,,
a1624adf-dec2-4804-a1a5-3973ad5f7d89,,,,,,,,,,,,,
d76d689a-cb22-401c-aae5-155af9b41b60,,,,,,,,,,,,,
35be0379-ac1f-47b2-93e2-60375dd34bbc,,,,,,,,,,,,,
f563ce25-d5df-43b9-974a-73f3ac5bb162,,,,,,,,,,,,,
33732c9e-c7a0-4914-9c59-f43f9f3dfb44,,,,,,,,,,,,,
9a11fae1-9ed7-4f99-9a53-5ba6ee0bb25d,,,,,,,,,,,,,
fd8abd2f-b827-4eba-b98a-f6b44b29f448,,,,,,,,,,,,,
74fd7326-1030-4331-807e-a7db169f670a,,,,,,,,,,,,,
5c00ca5a-a3cf-4f4f-a226-e86f95b0d8ce,,,,,,,,,,,,,
f597e11c-a08a-45ae-86fd-de68c0c60706,,,,,,,,,,,,,
b68e4585-0228-42b1-8da3-ee45237b414d,,,,,,,,,,,,,
80b50669-adf0-40bc-9664-c89ed6a1c47e,,,,,,,,,,,,,
fd04061b-f19f-4e10-a871-d22f5a6f2492,,,,,,,,,,,,,
7f1cd1d2-c1a6-4b7c-8a63-f9c441965713,,,,,,,,,,,,,
88406635-391b-486b-92a5-cb2fbdc579c4,,,,,,,,,,,,,
d643752f-043e-4fa7-969e-6f19be11e7ee,,,,,,,,,,,,,
7354107c-dd69-4e0d-bf16-e436677786dc,,,,,,,,,,,,,
f5489efe-00dd-4bc3-b3cc-7d707a9fb31f,,,,,,,,,,,,,
ffc604a6-e23c-4f76-b64b-79b1fc33694f,,,,,,,,,,,,,
6fc85acf-c34f-485a-bbc2-8377db125c1b,,,,,,,,,,,,,
38e91daa-44f3-4b4d-b45f-a89c36aad1f6,,,,,,,,,,,,,
5724fca5-3d5b-4425-b3d3-177e622e07a5,,,,,,,,,,,,,
8a30be40-ec9a-4f5f-addc-82ffb369d78e,,,,,,,,,,,,,
6c2ccade-c62a-4dda-a15c-7f764753fb0d,,,,,,,,,,,,,
f185d01f-1359-4cc5-94b1-8fec7541d0f8,,,,,,,,,,,,,
7df57c8c-a012-497a-ba7e-33288157e2b6,,,,,,,,,,,,,
d33b670e-9c5e-4119-b3ae-f6e3a44a54f6,,,,,,,,,,,,,
a5ff01a1-edb4-4940-8e70-15e265651f72,,,,,,,,,,,,,
7299c7c0-5af7-4555-b5fa-8b760fa3e46c,,,,,,,,,,,,,
c6e68b9e-3457-4eaf-8153-ebf9f8be219a,,,,,,,,,,,,,
2f3aa5e2-bcb5-4b17-b22d-c55672df2a0c,,,,,,,,,,,,,
982a29bf-26d5-4848-bdd2-0c87ad067d7a,,,,,,,,,,,,,
d3de64ad-ce3c-4476-ac41-b5daf21a569d,,,,,,,,,,,,,
451e27aa-e491-4dc3-af30-56d7a3f0528c,,,,,,,,,,,,,
e74eac5e-76be-4a2b-adb7-a3e240936c9b,,,,,,,,,,,,,
cafb4f72-bb82-4bf8-9d2e-e4dd573079b4,,,,,,,,,,,,,
491e9acf-627e-45f4-9c65-81554a719f35,,,,,,,,,,,,,
12b8c049-d1ab-47ab-b71a-a046819631ff,,,,,,,,,,,,,
22fdf34c-4001-4bdc-9ccf-a0721e8612e5,,,,,,,,,,,,,
a8694a62-0ae5-4351-a409-4b27bf6e8a7a,,,,,,,,,,,,,
1a751228-e289-423f-8b0c-30b9185ce64d,,,,,,,,,,,,,
2cd64c33-0101-40ee-89a0-6ef2bfbf7d1c,,,,,,,,,,,,,
e4d6da7b-a9de-4eb2-87dc-557e10a9a38b,,,,,,,,,,,,,
ea6fa7c9-b3e3-4fa2-bc0d-84de310c2385,,,,,,,,,,,,,
82825b35-2701-4e95-ae19-428a8d3f3bbf,,,,,,,,,,,,,
a2b13cd5-396d-47e4-8264-09809047c3ff,,,,,,,,,,,,,
705e5c92-fcc8-4fc5-ab99-c4122cc13c72,,,,,,,,,,,,,
a421c1b6-cf45-46ed-946a-53667d7abce9,,,,,,,,,,,,,
791e35bb-8a74-4fb9-8bc2-1dad6da68e21,,,,,,,,,,,,,
c2be776e-396e-4ea8-bf8c-36c5fe768e0a,,,,,,,,,,,,,
1b4517e4-8787-4e16-a10c-86a70e7a18f2,,,,,,,,,,,,,
b5d30ea0-a776-49b0-b24a-373029282bb3,,,,,,,,,,,,,
9f2e8837-6b59-4965-add0-c73a0b04d72f,,,,,,,,,,,,,
5768367a-4fb3-495f-8655-043defe5e36b,,,,,,,,,,,,,
dd6b988b-ff82-4609-89dd-2a4f90471f2d,,,,,,,,,,,,,
9f8de3b2-9b2b-44aa-9fd1-2e8583dd9d34,,,,,,,,,,,,,
b4bdd016-38f3-44ab-8c86-ec76267ec302,,,,,,,,,,,,,
edeac5d2-18a8-4e7a-93df-9cf41dc9949c,,,,,,,,,,,,,
c5ca7773-0c86-4679-a027-fe3e02f49fc5,,,,,,,,,,,,,
7c8c556b-8f5b-48a0-ad8d-28271e9ca302,,,,,,,,,,,,,
9e8be7a2-7d1e-492c-9118-41908deb4f27,,,,,,,,,,,,,
70839a92-a0ed-4e3c-bb3a-d1aa9833b67d,,,,,,,,,,,,,
d10aabce-f3dd-4cf4-b34c-067056a8d44d,,,,,,,,,,,,,
2d9d0c05-4432-4f8f-826f-d9b35af1ca42,,,,,,,,,,,,,
e51cabcb-c065-41be-8db9-138b69f9cbc0,,,,,,,,,,,,,
063f49b9-d5cc-4552-a318-209ef4b528ae,,,,,,,,,,,,,
a5924f51-619f-4737-a6c7-15dba4e09d16,,,,,,,,,,,,,
ef7b7dd5-64aa-41b0-9b39-d09c7f64a4e2,,,,,,,,,,,,,
cd5c9ac6-384a-4f61-b6aa-85e098de02db,,,,,,,,,,,,,
a4010011-3578-4705-8fdf-63aa2609ca44,,,,,,,,,,,,,
e17b2150-790c-4254-8807-4fac0bdfab46,,,,,,,,,,,,,
567896a6-1d55-4872-86ad-2eafc850c123,,,,,,,,,,,,,
90815129-3f59-4c30-8ad4-625cc6e8387e,,,,,,,,,,,,,
bd1a0f07-e7c0-4942-a390-e57292c16d4c,,,,,,,,,,,,,
f5173f0a-24cb-4b5e-a5e8-e243964a22a1,,,,,,,,,,,,,
fbfe0bf1-35dc-41c7-8a3a-f3428c3bdef4,,,,,,,,,,,,,
05473eaa-9f59-4ee8-b0da-6aea2349b1d4,,,,,,,,,,,,,
1545739e-b055-4c5a-8bef-5c5f0ae5f077,,,,,,,,,,,,,
892600a7-edc1-477c-9963-ea7af2665470,,,,,,,,,,,,,
0a4cf126-b7fc-44e6-837f-29bf88799b3a,,,,,,,,,,,,,
653cdccc-96bb-4bec-ba94-84c988dfffa6,,,,,,,,,,,,,
9c97e302-ba5a-4f73-a019-8bcc5d42d277,,,,,,,,,,,,,
b22be63b-6602-402a-902f-665e25441e95,,,,,,,,,,,,,
9f5f812d-ab97-423d-916e-d7a523668b2e,,,,,,,,,,,,,
0e7b9b9d-c429-415c-a07e-5de732de7dc2,,,,,,,,,,,,,
d7bbca8a-5e02-4137-9480-3feb501800e3,,,,,,,,,,,,,
1a8e05ea-b373-447a-b620-07e46153a487,,,,,,,,,,,,,
9799e05e-fbc4-46bf-8d99-dbc3c881cecd,,,,,,,,,,,,,
1d1af143-b5a2-443a-8d01-9b6dd5cb4ede,,,,,,,,,,,,,
d593e276-9876-48f9-a7ae-34e7537c26e6,,,,,,,,,,,,,
a7b3c42c-4dfd-4557-9616-00aac82cf9a0,,,,,,,,,,,,,
7f7840a6-8cb0-4760-953d-e3057dbd03f3,,,,,,,,,,,,,
950e737d-71c4-4217-82d7-a165740b3b56,,,,,,,,,,,,,
5bfd2861-11e0-4fa8-8b08-2938d18130d7,,,,,,,,,,,,,
cad7929f-8e3e-46ee-8d55-cd3b8fc157cf,,,,,,,,,,,,,
23280fa3-adad-46f1-bfed-90a3e1f789f9,,,,,,,,,,,,,
4e583216-31c2-4cfa-a8e3-b1c171b9bb53,,,,,,,,,,,,,
f2ead7ab-0d30-49ed-8938-d895453beea0,,,,,,,,,,,,,
2c91e578-9129-4852-a6df-745101683d77,,,,,,,,,,,,,
99a73529-b7bf-4f08-b597-29bd441044a0,,,,,,,,,,,,,
acb8a7d7-67eb-42f4-99a3-7d69876c8499,,,,,,,,,,,,,
9ad12873-51c2-4893-9ce6-1e46e45feaa7,,,,,,,,,,,,,
a059610f-3b80-4840-85d2-322e371fe24b,,,,,,,,,,,,,
5c272f1a-b0a0-416c-974e-f0ea47dbd24b,,,,,,,,,,,,,
854505cd-0c82-4050-a143-d37da4fbb7d6,,,,,,,,,,,,,
bc334ae6-bb18-40da-b915-d765d9b3000c,,,,,,,,,,,,,
7ca111fb-036e-4593-a654-951b9c45ebab,,,,,,,,,,,,,
7ea7ede2-fdd1-4572-ab42-8984677803fc,,,,,,,,,,,,,
27afcd38-25ee-4de3-a20e-f45b989015e1,,,,,,,,,,,,,
d8a4bc19-d3d4-4d84-b693-82981f753449,,,,,,,,,,,,,
444afa74-6aaa-49b3-a051-cd069252f1f3,,,,,,,,,,,,,
ec647948-e4ee-45c8-b2da-aba5354d5de1,,,,,,,,,,,,,
98e04cbb-d144-40e1-a979-aea12d5d051f,,,,,,,,,,,,,
efafcf2b-d6b8-428d-9c61-a6611f2e6a00,,,,,,,,,,,,,
36c89b54-5005-4012-8f34-32a3a7ef808a,,,,,,,,,,,,,
b3d673de-e20d-4b3c-af5d-685db7dc493c,,,,,,,,,,,,,
6da66cf2-d3ae-47c7-b0fe-41440eccfa9d,,,,,,,,,,,,,
3b6f2582-98c2-48d8-a664-4f50bc334fb3,,,,,,,,,,,,,
617dae34-528d-467a-8065-9bf372f1bfe8,,,,,,,,,,,,,
83a4b273-4e7c-44f6-9fb5-4c22d0e478a6,,,,,,,,,,,,,
1b3ff001-7e0d-4fc4-8e5f-5544a27fe199,,,,,,,,,,,,,
83a4fa46-fe09-4212-a0a9-b3e07b70dd8e,,,,,,,,,,,,,
6aa0bc50-0353-4698-baf4-4556b0e1090e,,,,,,,,,,,,,
848bfa64-27ca-4ec6-a922-487edd747f35,,,,,,,,,,,,,
846aa88b-4625-43ac-a565-7dd8fec875e5,,,,,,,,,,,,,
6a9122a3-c7df-4773-b308-f0a35e70f5d8,,,,,,,,,,,,,
ef1bbdf6-3b6d-4a7b-9e83-ccb980122f2f,,,,,,,,,,,,,
5846ecd9-5e5f-4884-bc88-3a0f35a5dd63,,,,,,,,,,,,,
e01fed27-eacf-42e0-bb49-ec9f7c428e36,,,,,,,,,,,,,
38340e57-1c46-415c-947f-2622b3c79136,,,,,,,,,,,,,
69bc5d49-be9f-4915-b556-a95509ab67fa,,,,,,,,,,,,,
bbf81e6a-eab8-4290-a978-0a2aa0126e7f,,,,,,,,,,,,,
f7b9b451-3f94-4787-8465-63973ceb6894,,,,,,,,,,,,,
383a01a0-451a-4bfb-b5fa-b9131b5b5ae0,,,,,,,,,,,,,
1a825608-a007-4c38-af1a-439dec591748,,,,,,,,,,,,,
0f799387-0bba-4c7c-9ecf-f768ab063af1,,,,,,,,,,,,,
dcad88d1-7b46-4695-88bf-e578d5d6da5a,,,,,,,,,,,,,
a507be23-112c-4c93-ae33-a2782397d181,,,,,,,,,,,,,
765d9b06-a0c5-44cb-97bb-2ff31e4505a7,,,,,,,,,,,,,
6edad502-3b07-45b0-b8cd-905610de4592,,,,,,,,,,,,,
9240d2c4-0dcd-42f5-a3ae-d167c637ddde,,,,,,,,,,,,,
9ba08e23-ecf9-4a0c-9338-ce05a59f2d01,,,,,,,,,,,,,
2777d3fe-05b1-4aa2-b676-a3c4e33d6973,,,,,,,,,,,,,
7bab0076-81f6-4272-a4f8-f2d492115bdb,,,,,,,,,,,,,
4fd41dcc-a524-4045-ae41-f8a6cb81d395,,,,,,,,,,,,,
5d0c1c09-0326-44ec-8df1-ba4470e41f73,,,,,,,,,,,,,
0d2f0655-8435-43aa-a69f-5af4edfc43ec,,,,,,,,,,,,,
e41c847f-1476-4c50-9e09-c6a4f54ef8f9,,,,,,,,,,,,,
8acbbcea-f6f8-4dad-a9e4-4518d3d68e96,,,,,,,,,,,,,
f2bc522a-6adf-4764-9b72-9ffdf789659c,,,,,,,,,,,,,
cab6c833-4e6b-4528-8d97-a8dc68224bdb,,,,,,,,,,,,,
dd2b1c78-5664-4d12-badd-f4eb567c8491,,,,,,,,,,,,,
97f1ce52-ab7c-496d-8070-1d21c7d82bed,,,,,,,,,,,,,
bc51fbcb-ce9f-4644-bb58-ea5a887a11f6,,,,,,,,,,,,,
8dc098b7-afcc-402d-89fe-51ee0840110c,,,,,,,,,,,,,
3a76d56e-7708-46df-8d02-e7eab5ccc434,,,,,,,,,,,,,
adc7e8ad-47b4-4439-8972-fb584e66a60e,,,,,,,,,,,,,
8a5722ba-3f1f-43a5-b1cf-ae3bc5e3a8f6,,,,,,,,,,,,,
e9594280-234a-4ac0-9938-e92215b11631,,,,,,,,,,,,,
dffd8fa9-ca6c-4dce-a4ea-db5822d7931d,,,,,,,,,,,,,
c1a59a90-47e2-4a6f-9bb8-2d4b95e2155d,,,,,,,,,,,,,
2cbc7499-dc61-4dca-9206-6f8d8da2e12b,,,,,,,,,,,,,
40e29b2b-1820-488b-8ec7-0a8e86be02f4,,,,,,,,,,,,,
b62bbbc8-92d3-4288-9871-deefa585ed64,,,,,,,,,,,,,
e9d69de5-e3a9-4b7c-8539-8d753a7bb45a,,,,,,,,,,,,,
a3044be0-86ea-4c97-af62-1fa0c829fbcd,,,,,,,,,,,,,
0dd76da8-2058-46ca-becd-fe8badab8797,,,,,,,,,,,,,
973fd6df-19f4-4387-b96e-1925b64b67d9,,,,,,,,,,,,,
c5991c48-ec68-45b5-b601-5967b28700d9,,,,,,,,,,,,,
413d6ed6-2050-4694-b40e-b9833fe34600,,,,,,,,,,,,,
fe38c5ec-1f1a-4b7c-a8cd-c1dc5d4523c4,,,,,,,,,,,,,
bcb19246-af39-4476-9167-d4c7161b4519,,,,,,,,,,,,,
3e37f8cb-cade-415a-ac27-8a9a24407b85,,,,,,,,,,,,,
091d9e85-4377-41a0-8cc2-855cc925fbf7,,,,,,,,,,,,,
445b8006-ea1b-44a4-93fe-8cbbe5e4b8f4,,,,,,,,,,,,,
f1de386a-0515-4809-b5b4-559a979e1283,,,,,,,,,,,,,
a03dea80-cce2-40d5-b995-a25c18d0ec17,,,,,,,,,,,,,
6a8bd7d4-1d2d-4c17-91a0-25dbe7035720,,,,,,,,,,,,,
9a28c993-a44f-49ad-b5ab-cfada2c8313f,,,,,,,,,,,,,
44ce6b7d-34b1-443a-a98f-e39076c21d7e,,,,,,,,,,,,,
721d4bb4-9ae3-4110-9564-b0ece7870db0,,,,,,,,,,,,,
b4911921-fb98-4dcc-80f7-454585ca38cb,,,,,,,,,,,,,
eb9d463b-adf0-403e-98b5-cbadd240eb6c,,,,,,,,,,,,,
533c0fa3-7ef3-4266-b0da-6b3bc1315498,,,,,,,,,,,,,
2ddf5649-2898-49af-ba63-62a9aa45a25d,,,,,,,,,,,,,
10c4a168-c59d-4f99-a348-993b2059c3f0,,,,,,,,,,,,,
42f4fac1-eeac-4b99-a4e7-d110004c4815,,,,,,,,,,,,,
0762b686-5aa5-4653-b8e0-deeaef191862,,,,,,,,,,,,,
62e191ee-2b9e-432d-8141-23dd23ad078a,,,,,,,,,,,,,
7647c2f2-a8ae-4d7c-b958-fa244f0adaa5,,,,,,,,,,,,,
2ffd77f8-216f-4491-ab73-6585daf10989,,,,,,,,,,,,,
361bd4c5-12bf-4752-a178-9c24d536f316,,,,,,,,,,,,,
62ddae4e-fb35-4d60-bd0d-c7fa87e0742c,,,,,,,,,,,,,
d6e04a7a-3c4f-470a-aab5-f8fd2aa982fc,,,,,,,,,,,,,
d0763a5f-9054-4a1f-81ff-0e04079dc70a,,,,,,,,,,,,,
e3ff686a-0f10-44d8-94e4-0b6b8c9c02d9,,,,,,,,,,,,,
f27e864d-43a7-49c5-b584-b2b3ee9aec63,,,,,,,,,,,,,
e2792354-a3ba-48dd-9d46-f13cd7f7215d,,,,,,,,,,,,,
df67e3b6-bdaa-4f6a-a13b-e9012f88a4c1,,,,,,,,,,,,,
91f53d5e-b004-4a59-83b0-0ffc18b37f55,,,,,,,,,,,,,
0c69de20-30d2-4e30-a012-c76aa70f6999,,,,,,,,,,,,,
f08fed72-4929-4298-967f-32047cd8b910,,,,,,,,,,,,,
8560921a-d6ef-492e-91e3-d243529cccea,,,,,,,,,,,,,
e04300b3-84a4-434d-9924-a3841bc35fb9,,,,,,,,,,,,,
64cb3657-706d-4657-8b4c-cd492b9c0638,,,,,,,,,,,,,
cef5e3ac-946c-46ae-a5a7-271a7219f83a,,,,,,,,,,,,,
3695a39e-2e98-49c0-9a5d-6bbadcc4d7e2,,,,,,,,,,,,,
ba9aa028-4ff0-4908-95db-5343d3bd0ec0,,,,,,,,,,,,,
61e6bb68-f70a-4132-a6a5-95717c0a607d,,,,,,,,,,,,,
7a60b72e-8a36-4891-82aa-a407946788c7,,,,,,,,,,,,,
1c7b5c80-c83d-4026-9364-c7d91e36fbc0,,,,,,,,,,,,,
049c5ee6-413f-454d-97a3-5d9f856d16d9,,,,,,,,,,,,,
0b1b0b57-5f13-4615-a22b-cbff747ea248,,,,,,,,,,,,,
512360af-959a-4ece-b496-bb618d8da288,,,,,,,,,,,,,
9e2bf324-0dc0-4d27-86e6-1d352647e154,,,,,,,,,,,,,
0490b997-d6a4-44af-be29-58ebe2e66820,,,,,,,,,,,,,
7850c6be-a469-452a-aeb6-df97f92318f9,,,,,,,,,,,,,
32f53d81-66ad-4888-b329-482639bd16f9,,,,,,,,,,,,,
bc773111-45c1-493f-9b75-4a0edae9e9c4,,,,,,,,,,,,,
ec6f314a-8156-4ffd-91b0-cea3331773ed,,,,,,,,,,,,,
61a7c3df-6881-4929-bbfa-b6c9dfdf99c6,,,,,,,,,,,,,
a188f8bd-ee3f-4240-86bc-30d068dd9657,,,,,,,,,,,,,
6d528048-ce36-4e00-af83-db5bc753342a,,,,,,,,,,,,,
1657b81f-ddc9-4ba4-ac9a-71f69d1872d5,,,,,,,,,,,,,
45a39ac5-8a32-479a-9d5e-195b7acbf0d1,,,,,,,,,,,,,
9cab2112-cec0-4a74-afec-54e75984586a,,,,,,,,,,,,,
5f5b093d-ce28-491c-9d6f-66c72a67b55f,,,,,,,,,,,,,
a22a58e5-0126-42de-b252-b514bed50387,,,,,,,,,,,,,
